{
    "Preset_1": {
        "position": [
            55.20919665838283,
            41.40689749378715,
            55.20919665838285
        ],
        "rotation": [
            -27.93835272960238,
            44.999999999999964,
            0.0
        ],
        "camera": "persp"
    },
    "Preset_2": {
        "position": [
            46.41036070400277,
            38.93398917347516,
            -64.34955211773561
        ],
        "rotation": [
            -26.13835272960235,
            144.19999999999962,
            0.0
        ],
        "camera": "persp"
    },
    "Preset_3": {
        "position": [
            -63.768456839606216,
            43.838942205384484,
            -42.68926106173604
        ],
        "rotation": [
            -29.738352729600294,
            236.19999999999598,
            0.0
        ],
        "camera": "persp"
    },
    "Preset_4": {
        "position": [
            -53.71355766907262,
            54.57883723206021,
            44.12081368602062
        ],
        "rotation": [
            -38.138352729603206,
            -50.6,
            5.010874087992646e-15
        ],
        "camera": "persp"
    },
    "CameraPreset_5": {
        "position": [
            55.20919665838283,
            41.40689749378715,
            55.20919665838285
        ],
        "rotation": [
            -27.93835272960236,
            44.999999999999964,
            0.0
        ],
        "camera": "persp"
    }
}